[
    {
        "id": 0,
        "name": "ADA",
        "status": true,
        "describe":""
    },
    {
        "id": 1,
        "name": "AVAX",
        "status": true,
        "describe":""
    },
    {
        "id": 2,
        "name": "ATOM",
        "status": true,
        "describe":""
    },
    {
        "id": 3,
        "name": "ALGO",
        "status": true,
        "describe":""
    },
    {
        "id": 4,
        "name": "AERGO",
        "status": true,
        "describe":""
    },
    {
        "id": 5,
        "name": "ANT",
        "status": true,
        "describe":""
    },
    {
        "id": 6,
        "name": "AR",
        "status": true,
        "describe":""
    },
    {
        "id": 7,
        "name": "AION",
        "status": true,
        "describe":""
    },
    {
        "id": 8,
        "name": "ARPA",
        "status": true,
        "describe":""
    },
    {
        "id": 9,
        "name": "AVA",
        "status": true,
        "describe":""
    },
    {
        "id": 10,
        "name": "ARV",
        "status": true,
        "describe":""
    },
    {
        "id": 11,
        "name": "ASM",
        "status": true,
        "describe":""
    },
    {
        "id": 12,
        "name": "AMP",
        "status": true,
        "describe":""
    },
    {
        "id": 13,
        "name": "ATL",
        "status": true,
        "describe":""
    },
    {
        "id": 14,
        "name": "ASTA",
        "status": true,
        "describe":""
    },
    {
        "id": 15,
        "name": "AIOZ",
        "status": true,
        "describe":""
    },
    {
        "id": 16,
        "name": "AHT",
        "status": true,
        "describe":""
    },
    {
        "id": 17,
        "name": "ARRR",
        "status": true,
        "describe":""
    },
    {
        "id": 18,
        "name": "AE",
        "status": true,
        "describe":""
    },
    {
        "id": 19,
        "name": "ACE",
        "status": true,
        "describe":""
    },
    {
        "id": 20,
        "name": "ATOR",
        "status": true,
        "describe":""
    },
    {
        "id": 21,
        "name": "AXL",
        "status": null,
        "describe":""
    },
    {
        "id": 22,
        "name": "ALPH",
        "status": true,
        "describe":""
    },
    {
        "id": 23,
        "name": "BEAM",
        "status": null,
        "describe":""
    },
    {
        "id": 24,
        "name": "CLORE",
        "status": true,
        "describe":""
    },
    {
        "id": 25,
        "name": "CREO",
        "status": null,
        "describe":""
    },
    {
        "id": 26,
        "name": "WLD",
        "status": true,
        "describe":""
    },
    {
        "id": 27,
        "name": "VGX",
        "status": false,
        "describe":""
    },
    {
        "id": 28,
        "name": "FLIP",
        "status": true,
        "describe":""
    },
    {
        "id": 29,
        "name": "MOZ",
        "status": false,
        "describe":""
    },
    {
        "id": 30,
        "name": "RVF",
        "status": false,
        "describe":""
    },
    {
        "id": 31,
        "name": "NFP",
        "status": true,
        "describe":""
    },
    {
        "id": 32,
        "name": "ZK",
        "status": null,
        "describe":""
    },
    {
        "id": 33,
        "name": "LAI",
        "status": true,
        "describe":""
    },
    {
        "id": 34,
        "name": "STRK",
        "status": false,
        "describe":""
    },
    {
        "id": 35,
        "name": "PYTH",
        "status": true,
        "describe":""
    },
    {
        "id": 36,
        "name": "XAI",
        "status": null,
        "describe":""
    },
    {
        "id": 37,
        "name": "ORNJ",
        "status": true,
        "describe":""
    },
    {
        "id": 38,
        "name": "MTRG",
        "status": false,
        "describe":""
    },
    {
        "id": 39,
        "name": "TIA",
        "status": true,
        "describe":""
    },
    {
        "id": 40,
        "name": "LAVA",
        "status": true,
        "describe":""
    },
    {
        "id": 41,
        "name": "ICE",
        "status": true,
        "describe":""
    },
    {
        "id": 42,
        "name": "SEI",
        "status": true,
        "describe":""
    },
    {
        "id": 43,
        "name": "SOUTH",
        "status": true,
        "describe":""
    },
    {
        "id": 44,
        "name": "T",
        "status": false,
        "describe":""
    },
    {
        "id": 45,
        "name": "ZANO",
        "status": true,
        "describe":""
    },
    {
        "id": 46,
        "name": "BTC",
        "status": true,
        "describe":""
    },
    {
        "id": 47,
        "name": "BCH",
        "status": true,
        "describe":""
    },
    {
        "id": 48,
        "name": "BAND",
        "status": true,
        "describe":""
    },
    {
        "id": 49,
        "name": "BEAM",
        "status": true,
        "describe":""
    },
    {
        "id": 50,
        "name": "BAT",
        "status": true,
        "describe":""
    },
    {
        "id": 51,
        "name": "BCN",
        "status": true,
        "describe":""
    },
    {
        "id": 52,
        "name": "BCV",
        "status": true,
        "describe":""
    },
    {
        "id": 53,
        "name": "BNK",
        "status": true,
        "describe":""
    },
    {
        "id": 54,
        "name": "BCHA",
        "status": true,
        "describe":""
    },
    {
        "id": 55,
        "name": "CELR",
        "status": true,
        "describe":""
    },
    {
        "id": 56,
        "name": "CTSI",
        "status": true,
        "describe":""
    },
    {
        "id": 57,
        "name": "CELO",
        "status": true,
        "describe":""
    },
    {
        "id": 58,
        "name": "CHR",
        "status": true,
        "describe":""
    },
    {
        "id": 59,
        "name": "CTXC",
        "status": true,
        "describe":""
    },
    {
        "id": 60,
        "name": "CVC",
        "status": true,
        "describe":""
    },
    {
        "id": 61,
        "name": "CXZ",
        "status": true,
        "describe":""
    },
    {
        "id": 62,
        "name": "CMT",
        "status": true,
        "describe":""
    },
    {
        "id": 63,
        "name": "CKB",
        "status": true,
        "describe":""
    },
    {
        "id": 64,
        "name": "CFX",
        "status": true,
        "describe":""
    },
    {
        "id": 65,
        "name": "CQT",
        "status": true,
        "describe":""
    },
    {
        "id": 66,
        "name": "CENNZ",
        "status": true,
        "describe":""
    },
    {
        "id": 67,
        "name": "CCXX",
        "status": true,
        "describe":""
    },
    {
        "id": 68,
        "name": "DOT",
        "status": true,
        "describe":""
    },
    {
        "id": 69,
        "name": "DOGE",
        "status": true,
        "describe":""
    },
    {
        "id": 70,
        "name": "DASH",
        "status": true,
        "describe":""
    },
    {
        "id": 71,
        "name": "DGB",
        "status": true,
        "describe":""
    },
    {
        "id": 72,
        "name": "DUSK",
        "status": true,
        "describe":""
    },
    {
        "id": 73,
        "name": "DENT",
        "status": true,
        "describe":""
    },
    {
        "id": 74,
        "name": "DNT",
        "status": true,
        "describe":""
    },
    {
        "id": 75,
        "name": "DATA",
        "status": true,
        "describe":""
    },
    {
        "id": 76,
        "name": "DLT",
        "status": true,
        "describe":""
    },
    {
        "id": 77,
        "name": "DOCK",
        "status": true,
        "describe":""
    },
    {
        "id": 78,
        "name": "DTA",
        "status": true,
        "describe":""
    },
    {
        "id": 79,
        "name": "DEXT",
        "status": true,
        "describe":""
    },
    {
        "id": 80,
        "name": "ETH",
        "status": true,
        "describe":""
    },
    {
        "id": 81,
        "name": "ETC",
        "status": true,
        "describe":""
    },
    {
        "id": 82,
        "name": "EGLD",
        "status": true,
        "describe":""
    },
    {
        "id": 83,
        "name": "ELF",
        "status": true,
        "describe":""
    },
    {
        "id": 84,
        "name": "ENS",
        "status": true,
        "describe":""
    },
    {
        "id": 85,
        "name": "ESP",
        "status": true,
        "describe":""
    },
    {
        "id": 86,
        "name": "EL",
        "status": true,
        "describe":""
    },
    {
        "id": 87,
        "name": "EPIC",
        "status": true,
        "describe":""
    },
    {
        "id": 88,
        "name": "ERC20",
        "status": true,
        "describe":""
    },
    {
        "id": 89,
        "name": "EDEN",
        "status": true,
        "describe":""
    },
    {
        "id": 90,
        "name": "FIL",
        "status": true,
        "describe":""
    },
    {
        "id": 91,
        "name": "FET",
        "status": null,
        "describe":""
    },
    {
        "id": 92,
        "name": "FLUX",
        "status": true,
        "describe":""
    },
    {
        "id": 93,
        "name": "FTM",
        "status": true,
        "describe":""
    },
    {
        "id": 94,
        "name": "FIO",
        "status": true,
        "describe":""
    },
    {
        "id": 95,
        "name": "GTC",
        "status": true,
        "describe":""
    },
    {
        "id": 96,
        "name": "GTO",
        "status": true,
        "describe":""
    },
    {
        "id": 97,
        "name": "GRS",
        "status": true,
        "describe":""
    },
    {
        "id": 98,
        "name": "GO",
        "status": true,
        "describe":""
    },
    {
        "id": 99,
        "name": "GLC",
        "status": true,
        "describe":""
    },
    {
        "id": 100,
        "name": "GMT",
        "status": true,
        "describe":""
    },
    {
        "id": 101,
        "name": "GLM",
        "status": true,
        "describe":""
    },
    {
        "id": 102,
        "name": "ICP",
        "status": true,
        "describe":""
    },
    {
        "id": 103,
        "name": "IOTA",
        "status": true,
        "describe":""
    },
    {
        "id": 104,
        "name": "IOTX",
        "status": true,
        "describe":""
    },
    {
        "id": 105,
        "name": "IOST",
        "status": true,
        "describe":""
    },
    {
        "id": 106,
        "name": "ICX",
        "status": true,
        "describe":""
    },
    {
        "id": 107,
        "name": "INT",
        "status": true,
        "describe":""
    },
    {
        "id": 108,
        "name": "IQ",
        "status": true,
        "describe":""
    },
    {
        "id": 109,
        "name": "HBAR",
        "status": true,
        "describe":""
    },
    {
        "id": 110,
        "name": "HIVE",
        "status": true,
        "describe":""
    },
    {
        "id": 111,
        "name": "HNT",
        "status": true,
        "describe":""
    },
    {
        "id": 112,
        "name": "HAI",
        "status": true,
        "describe":""
    },
    {
        "id": 113,
        "name": "HYDRA",
        "status": true,
        "describe":""
    },
    {
        "id": 114,
        "name": "HERO",
        "status": true,
        "describe":""
    },
    {
        "id": 115,
        "name": "HAPI",
        "status": true,
        "describe":""
    },
    {
        "id": 116,
        "name": "HC",
        "status": true,
        "describe":""
    },
    {
        "id": 117,
        "name": "KLAY",
        "status": true,
        "describe":""
    },
    {
        "id": 118,
        "name": "KSM",
        "status": true,
        "describe":""
    },
    {
        "id": 119,
        "name": "KEY",
        "status": true,
        "describe":""
    },
    {
        "id": 120,
        "name": "KMD",
        "status": true,
        "describe":""
    },
    {
        "id": 121,
        "name": "KEEP",
        "status": true,
        "describe":""
    },
    {
        "id": 122,
        "name": "KAI",
        "status": true,
        "describe":""
    },
    {
        "id": 123,
        "name": "KRL",
        "status": true,
        "describe":""
    },
    {
        "id": 124,
        "name": "LINK",
        "status": true,
        "describe":""
    },
    {
        "id": 125,
        "name": "LTC",
        "status": true,
        "describe":""
    },
    {
        "id": 126,
        "name": "LOOM",
        "status": true,
        "describe":""
    },
    {
        "id": 127,
        "name": "LSK",
        "status": true,
        "describe":""
    },
    {
        "id": 128,
        "name": "LTO",
        "status": true,
        "describe":""
    },
    {
        "id": 129,
        "name": "LIT",
        "status": true,
        "describe":""
    },
    {
        "id": 130,
        "name": "LXT",
        "status": true,
        "describe":""
    },
    {
        "id": 131,
        "name": "LSS",
        "status": true,
        "describe":""
    },
    {
        "id": 132,
        "name": "LRC",
        "status": true,
        "describe":""
    },
    {
        "id": 133,
        "name": "LYXE",
        "status": true,
        "describe":""
    },
    {
        "id": 134,
        "name": "LN",
        "status": true,
        "describe":""
    },
    {
        "id": 135,
        "name": "MATIC",
        "status": true,
        "describe":""
    },
    {
        "id": 136,
        "name": "MASK",
        "status": true,
        "describe":""
    },
    {
        "id": 137,
        "name": "MTL",
        "status": true,
        "describe":""
    },
    {
        "id": 138,
        "name": "MDT",
        "status": true,
        "describe":""
    },
    {
        "id": 139,
        "name": "MINA",
        "status": true,
        "describe":""
    },
    {
        "id": 140,
        "name": "MTH",
        "status": true,
        "describe":""
    },
    {
        "id": 141,
        "name": "MUSD",
        "status": true,
        "describe":""
    },
    {
        "id": 142,
        "name": "MVL",
        "status": true,
        "describe":""
    },
    {
        "id": 143,
        "name": "MITH",
        "status": true,
        "describe":""
    },
    {
        "id": 144,
        "name": "MOVR",
        "status": true,
        "describe":""
    },
    {
        "id": 145,
        "name": "METIC",
        "status": true,
        "describe":""
    },
    {
        "id": 146,
        "name": "NULS",
        "status": true,
        "describe":""
    },
    {
        "id": 147,
        "name": "NXS",
        "status": true,
        "describe":""
    },
    {
        "id": 148,
        "name": "NEBL",
        "status": true,
        "describe":""
    },
    {
        "id": 149,
        "name": "NKN",
        "status": true,
        "describe":""
    },
    {
        "id": 150,
        "name": "NAS",
        "status": true,
        "describe":""
    },
    {
        "id": 151,
        "name": "NAV",
        "status": true,
        "describe":""
    },
    {
        "id": 152,
        "name": "NEAR",
        "status": true,
        "describe":""
    },
    {
        "id": 153,
        "name": "NFTB",
        "status": true,
        "describe":""
    },
    {
        "id": 154,
        "name": "NIM",
        "status": true,
        "describe":""
    },
    {
        "id": 155,
        "name": "ONE",
        "status": true,
        "describe":""
    },
    {
        "id": 156,
        "name": "OXT",
        "status": true,
        "describe":""
    },
    {
        "id": 157,
        "name": "OST",
        "status": true,
        "describe":""
    },
    {
        "id": 158,
        "name": "ONG",
        "status": true,
        "describe":""
    },
    {
        "id": 159,
        "name": "OGN",
        "status": true,
        "describe":""
    },
    {
        "id": 160,
        "name": "OMG",
        "status": true,
        "describe":""
    },
    {
        "id": 161,
        "name": "ORAI",
        "status": true,
        "describe":""
    },
    {
        "id": 162,
        "name": "OLT",
        "status": true,
        "describe":""
    },
    {
        "id": 163,
        "name": "OMI",
        "status": true,
        "describe":""
    },
    {
        "id": 164,
        "name": "OP",
        "status": true,
        "describe":""
    },
    {
        "id": 165,
        "name": "ORC",
        "status": true,
        "describe":""
    },
    {
        "id": 166,
        "name": "PHA",
        "status": true,
        "describe":""
    },
    {
        "id": 167,
        "name": "PIVX",
        "status": true,
        "describe":""
    },
    {
        "id": 168,
        "name": "PROM",
        "status": true,
        "describe":""
    },
    {
        "id": 169,
        "name": "POA",
        "status": true,
        "describe":""
    },
    {
        "id": 170,
        "name": "PAXG",
        "status": true,
        "describe":""
    },
    {
        "id": 171,
        "name": "PERL",
        "status": true,
        "describe":""
    },
    {
        "id": 172,
        "name": "POWR",
        "status": true,
        "describe":""
    },
    {
        "id": 173,
        "name": "POND",
        "status": true,
        "describe":""
    },
    {
        "id": 174,
        "name": "PNK",
        "status": true,
        "describe":""
    },
    {
        "id": 175,
        "name": "POLY",
        "status": true,
        "describe":""
    },
    {
        "id": 176,
        "name": "PDA",
        "status": true,
        "describe":""
    },
    {
        "id": 177,
        "name": "QNT",
        "status": true,
        "describe":""
    },
    {
        "id": 178,
        "name": "QLC",
        "status": true,
        "describe":""
    },
    {
        "id": 179,
        "name": "QSP",
        "status": true,
        "describe":""
    },
    {
        "id": 180,
        "name": "QTUM",
        "status": true,
        "describe":""
    },
    {
        "id": 181,
        "name": "REQ",
        "status": true,
        "describe":""
    },
    {
        "id": 182,
        "name": "RVN",
        "status": true,
        "describe":""
    },
    {
        "id": 183,
        "name": "RIF",
        "status": true,
        "describe":""
    },
    {
        "id": 184,
        "name": "RLC",
        "status": true,
        "describe":""
    },
    {
        "id": 185,
        "name": "RLY",
        "status": true,
        "describe":""
    },
    {
        "id": 186,
        "name": "SOL",
        "status": true,
        "describe":""
    },
    {
        "id": 187,
        "name": "STX",
        "status": true,
        "describe":""
    },
    {
        "id": 188,
        "name": "SCRT",
        "status": true,
        "describe":""
    },
    {
        "id": 189,
        "name": "SFP",
        "status": true,
        "describe":""
    },
    {
        "id": 190,
        "name": "SKL",
        "status": true,
        "describe":""
    },
    {
        "id": 191,
        "name": "SXP",
        "status": true,
        "describe":""
    },
    {
        "id": 192,
        "name": "SYS",
        "status": true,
        "describe":""
    },
    {
        "id": 193,
        "name": "SUTER",
        "status": true,
        "describe":""
    },
    {
        "id": 194,
        "name": "SHR",
        "status": true,
        "describe":""
    },
    {
        "id": 195,
        "name": "SC",
        "status": true,
        "describe":""
    },
    {
        "id": 196,
        "name": "SBD",
        "status": true,
        "describe":""
    },
    {
        "id": 197,
        "name": "SKM",
        "status": true,
        "describe":""
    },
    {
        "id": 198,
        "name": "STC",
        "status": true,
        "describe":""
    },
    {
        "id": 199,
        "name": "SNTVT",
        "status": true,
        "describe":""
    },
    {
        "id": 200,
        "name": "SWASH",
        "status": true,
        "describe":""
    },
    {
        "id": 201,
        "name": "SOC",
        "status": true,
        "describe":""
    },
    {
        "id": 202,
        "name": "SPI",
        "status": true,
        "describe":""
    },
    {
        "id": 203,
        "name": "SAFE",
        "status": true,
        "describe":""
    },
    {
        "id": 204,
        "name": "STPT",
        "status": true,
        "describe":""
    },
    {
        "id": 205,
        "name": "SOLVE",
        "status": true,
        "describe":""
    },
    {
        "id": 206,
        "name": "TRX",
        "status": true,
        "describe":""
    },
    {
        "id": 207,
        "name": "THETA",
        "status": true,
        "describe":""
    },
    {
        "id": 208,
        "name": "TFUEL",
        "status": true,
        "describe":""
    },
    {
        "id": 209,
        "name": "TEL",
        "status": true,
        "describe":""
    },
    {
        "id": 210,
        "name": "TOMO",
        "status": true,
        "describe":""
    },
    {
        "id": 211,
        "name": "TVK",
        "status": true,
        "describe":""
    },
    {
        "id": 212,
        "name": "TWT",
        "status": true,
        "describe":""
    },
    {
        "id": 213,
        "name": "TRIAS",
        "status": true,
        "describe":""
    },
    {
        "id": 214,
        "name": "TIME",
        "status": true,
        "describe":""
    },
    {
        "id": 215,
        "name": "TORN",
        "status": true,
        "describe":""
    },
    {
        "id": 216,
        "name": "TTT",
        "status": true,
        "describe":""
    },
    {
        "id": 217,
        "name": "TON",
        "status": true,
        "describe":""
    },
    {
        "id": 218,
        "name": "USDT",
        "status": true,
        "describe":""
    },
    {
        "id": 219,
        "name": "UTK",
        "status": true,
        "describe":""
    },
    {
        "id": 220,
        "name": "USDC",
        "status": true,
        "describe":""
    },
    {
        "id": 221,
        "name": "XLM",
        "status": true,
        "describe":""
    },
    {
        "id": 222,
        "name": "XTZ",
        "status": true,
        "describe":""
    },
    {
        "id": 223,
        "name": "XYO",
        "status": true,
        "describe":""
    },
    {
        "id": 224,
        "name": "XEM",
        "status": true,
        "describe":""
    },
    {
        "id": 225,
        "name": "XAUT",
        "status": true,
        "describe":""
    },
    {
        "id": 226,
        "name": "XEC",
        "status": true,
        "describe":""
    },
    {
        "id": 227,
        "name": "XRP",
        "status": true,
        "describe":""
    },
    {
        "id": 228,
        "name": "XMR",
        "status": true,
        "describe":""
    },
    {
        "id": 229,
        "name": "XDC",
        "status": true,
        "describe":""
    },
    {
        "id": 230,
        "name": "VET",
        "status": true,
        "describe":""
    },
    {
        "id": 231,
        "name": "VTHO",
        "status": true,
        "describe":""
    },
    {
        "id": 232,
        "name": "VIDT",
        "status": true,
        "describe": ""
    },
    {
        "id": 233,
        "name": "VAL",
        "status": true,
        "describe":""
    },
    {
        "id": 234,
        "name": "VID",
        "status": true,
        "describe": ""
    },
    {
        "id": 235,
        "name": "YOUC",
        "status": true,
        "describe":""
    },
    {
        "id": 236,
        "name": "ZEC",
        "status": true,
        "describe":""
    },
    {
        "id": 237,
        "name": "ZEN",
        "status": true,
        "describe":""
    },
    {
        "id": 238,
        "name": "ZIL",
        "status": true,
        "describe":""
    },
    {
        "id": 239,
        "name": "ZIG",
        "status": true,
        "describe":""
    },
    {
        "id": 240,
        "name": "BOME",
        "status": false,
        "describe":""
    },
    {
        "id": 241,
        "name": "MTV",
        "status": true,
        "describe":""
    },
    {
        "id": 242,
        "name": "OM",
        "status": true,
        "describe":""
    },
    {
        "id": 243,
        "name": "NOT",
        "status": false,
        "describe":""
    },
    {
        "id": 244,
        "name": "JOK",
        "status": true,
        "describe":""
    },
    {
        "id": 245,
        "name": "TAIKO",
        "status": true,
        "describe":""
    },
    {
        "id": 246,
        "name": "SPEC",
        "status": true,
        "describe":""
    },
    {
        "id": 247,
        "name": "ZK",
        "status": true,
        "describe":""
    },
    {
        "id": 248,
        "name": "ZKJ",
        "status": null,
        "describe":""
    },
    {
        "id": 249,
        "name": "LISTA",
        "status": false,
        "describe":""
    },
    {
        "id": 250,
        "name": "BNB",
        "status": false,
        "describe":""
    },
    {
        "id": 251,
        "name": "PEPE",
        "status": false,
        "describe":""
    },
    {
        "id": 252,
        "name": "SHIB",
        "status": false,
        "describe":""
    },
    {
        "id": 253,
        "name": "FLOKI",
        "status": false,
        "describe":""
    },
    {
        "id": 254,
        "name": "JTO",
        "status": false,
        "describe":""
    },
    {
        "id": 255,
        "name": "LDO",
        "status": false,
        "describe":""
    },
    {
        "id": 256,
        "name": "BB",
        "status": null,
        "describe":""
    },
    {
        "id": 257,
        "name": "WRX",
        "status": null,
        "describe":""
    },
    {
        "id": 258,
        "name": "FET",
        "status": null,
        "describe":""
    },
    {
        "id": 259,
        "name": "BLAST",
        "status": null,
        "describe":""
    },
    {
        "id": 260,
        "name": "PORTAL",
        "status": null,
        "describe":""
    },
    {
        "id": 261,
        "name": "ENA",
        "status": null,
        "describe":""
    },
    {
        "id": 262,
        "name": "SQR",
        "status": null,
        "describe":""
    },
    {
        "id": 263,
        "name": "ETHFI",
        "status": null,
        "describe":""
    },
    {
        "id": 264,
        "name": "LAN",
        "status": null,
        "describe":""
    },
    {
        "id": 265,
        "name": "NTRN",
        "status": null,
        "describe":""
    },
    {
        "id": 266,
        "name": "BLUR",
        "status": null,
        "describe":""
    },
    {
        "id": 267,
        "name": "ARKM",
        "status": true,
        "describe":""
    },
    {
        "id": 268,
        "name": "SUI",
        "status": true,
        "describe":""
    },
    {
        "id": 269,
        "name": "EDU",
        "status": true,
        "describe":""
    },
    {
        "id": 270,
        "name": "LOOM",
        "status": true,
        "describe":""
    },
    {
        "id": 271,
        "name": "ID",
        "status": true,
        "describe":""
    },
    {
        "id": 272,
        "name": "WAXP",
        "status": true,
        "describe":""
    },
    {
        "id": 273,
        "name": "REI",
        "status": true,
        "describe":""
    },
    {
        "id": 274,
        "name": "ARB",
        "status": true,
        "describe":""
    },
    {
        "id": 275,
        "name": "AZERO",
        "status": true,
        "describe":""
    },
    {
        "id": 276,
        "name": "ATOR",
        "status": true,
        "describe":""
    },
    {
        "id": 277,
        "name": "JUP",
        "status": true,
        "describe":""
    }
]
